[{"model": "gallery.tag", "pk": 1, "fields": {"name": "Днюха"}}, {"model": "gallery.tag", "pk": 2, "fields": {"name": "Прогулка"}}, {"model": "gallery.tag", "pk": 3, "fields": {"name": "НовыйГод"}}, {"model": "gallery.tag", "pk": 4, "fields": {"name": "Концерт"}}, {"model": "gallery.tag", "pk": 5, "fields": {"name": "СапрыкиныНГ"}}, {"model": "gallery.tag", "pk": 6, "fields": {"name": "Детство"}}, {"model": "gallery.tag", "pk": 7, "fields": {"name": "ЖеняСапрыкин"}}, {"model": "gallery.tag", "pk": 8, "fields": {"name": "Разное"}}, {"model": "gallery.tag", "pk": 9, "fields": {"name": "Свадьба"}}, {"model": "gallery.tag", "pk": 10, "fields": {"name": "Отдых"}}, {"model": "gallery.tag", "pk": 11, "fields": {"name": "Путешествие"}}, {"model": "gallery.tag", "pk": 12, "fields": {"name": "День Победы"}}, {"model": "gallery.category", "pk": 1, "fields": {"name": "День Рождения", "description": "", "color": null}}, {"model": "gallery.category", "pk": 2, "fields": {"name": "Садик", "description": "", "color": null}}, {"model": "gallery.category", "pk": 3, "fields": {"name": "Отдых", "description": "", "color": null}}, {"model": "gallery.category", "pk": 4, "fields": {"name": "Разное", "description": "", "color": null}}, {"model": "gallery.category", "pk": 5, "fields": {"name": "Прогулка", "description": null, "color": null}}, {"model": "gallery.category", "pk": 6, "fields": {"name": "Свадьба", "description": null, "color": null}}, {"model": "gallery.category", "pk": 7, "fields": {"name": "Новый год", "description": null, "color": null}}, {"model": "gallery.category", "pk": 8, "fields": {"name": "Концерт", "description": null, "color": null}}, {"model": "gallery.category", "pk": 9, "fields": {"name": "Детство", "description": null, "color": null}}, {"model": "gallery.album", "pk": 68, "fields": {"title": "Новый год 2025", "date": "2024-11-26", "location": "Г. Воронеж, Левобережный район", "description": "Предновогодняя фотосессия!", "cover_image": "album_covers/М.jpg", "created_at": "2025-06-28T09:45:57.727Z", "is_active": true, "slug": "novyj-god-2025", "views": 38, "owner": 1, "category": 7, "tags": [3, 5, 6]}}, {"model": "gallery.album", "pk": 69, "fields": {"title": "Женя Детство", "date": "1993-07-15", "location": null, "description": "Детство Евгения Сапрыкина!", "cover_image": "album_covers/photo_2024-11-01_12-29-05.jpg", "created_at": "2025-06-28T09:56:40.528Z", "is_active": false, "slug": "zhenja-detstvo", "views": 0, "owner": 1, "category": 9, "tags": [6, 7, 8]}}, {"model": "gallery.album", "pk": 70, "fields": {"title": "День Рождения Софии", "date": "2024-07-20", "location": null, "description": "День Рождения Софии 5 лет", "cover_image": "album_covers/IMG_2248.JPG", "created_at": "2025-06-28T10:05:38.491Z", "is_active": true, "slug": "den-rozhdenija-sofii", "views": 107, "owner": 2, "category": 1, "tags": [1, 6]}}, {"model": "gallery.album", "pk": 72, "fields": {"title": "Выступление Ансамбль \"Раздолье\"", "date": "2024-12-22", "location": "Воронежская обл. п.Отрадное, ДК\"Отрадное\"", "description": "Отчётный концерт ансамбля песни и пляски \"Раздолье\"", "cover_image": "album_covers/IMG_3099.JPG", "created_at": "2025-06-28T10:11:28.133Z", "is_active": false, "slug": "vystuplenie-ansambl-razdole", "views": 4, "owner": 2, "category": 8, "tags": [3, 4]}}, {"model": "gallery.album", "pk": 74, "fields": {"title": "Свадьба Евгения и Екатерины Сапрыкиных", "date": "2018-09-01", "location": "Город: Воронеж, Республика: Крым", "description": "Свадебный альбом Екатерины и Евгения Сапрыкиных", "cover_image": "album_covers/DSC_0010_gX3Zsy1.jpg", "created_at": "2025-07-05T03:07:36.723Z", "is_active": true, "slug": "svadba-evgenija-i-ekateriny-saprykinyh", "views": 0, "owner": 1, "category": 6, "tags": [9, 10, 11]}}, {"model": "gallery.album", "pk": 75, "fields": {"title": "Изумрудный город 9 мая", "date": "2024-05-09", "location": "Воронежская обл. Новоусманский р-н, п. Отрадное, \"Изумрудный город\"", "description": "Фотосессия в детском саду посвященная Дню Победы", "cover_image": "album_covers/1.jpg", "created_at": "2025-07-05T05:39:26.988Z", "is_active": true, "slug": "izumrudnyj-gorod-9-maja", "views": 0, "owner": 1, "category": 2, "tags": [6, 12]}}, {"model": "gallery.albumlike", "pk": 24, "fields": {"album": 68, "user": 2, "created_at": "2025-06-29T08:58:48.651Z"}}, {"model": "gallery.albumlike", "pk": 26, "fields": {"album": 70, "user": 2, "created_at": "2025-06-29T09:01:12.535Z"}}, {"model": "gallery.albumlike", "pk": 43, "fields": {"album": 70, "user": 1, "created_at": "2025-06-29T09:48:11.246Z"}}, {"model": "gallery.albumlike", "pk": 46, "fields": {"album": 68, "user": 3, "created_at": "2025-06-29T09:50:23.541Z"}}, {"model": "gallery.albumlike", "pk": 47, "fields": {"album": 69, "user": 1, "created_at": "2025-06-29T10:00:20.369Z"}}, {"model": "gallery.albumlike", "pk": 54, "fields": {"album": 68, "user": 1, "created_at": "2025-07-05T10:38:53.588Z"}}, {"model": "gallery.photo", "pk": 133, "fields": {"image": "album_68/photos/7188669fa2d94f2d80cfb4654859bd66.webp", "caption": "Лерочка с игрушкой", "date_taken": null, "album": 68, "people": [8], "tags": []}}, {"model": "gallery.photo", "pk": 134, "fields": {"image": "album_68/photos/6341eec037154fa3a6d74d0d715a63f4.webp", "caption": "Сестрички", "date_taken": null, "album": 68, "people": [9, 8, 3], "tags": []}}, {"model": "gallery.photo", "pk": 135, "fields": {"image": "album_68/photos/b932e2d7d49d407b9d91b739f1ee8f1a.webp", "caption": "None", "date_taken": null, "album": 68, "people": [8], "tags": []}}, {"model": "gallery.photo", "pk": 136, "fields": {"image": "album_68/photos/364920c1c6344064ac2652d07685ee3a.webp", "caption": "None", "date_taken": null, "album": 68, "people": [8], "tags": []}}, {"model": "gallery.photo", "pk": 137, "fields": {"image": "album_68/photos/9c8470fdf9954ae282a511956976a07e.webp", "caption": "С мамой", "date_taken": null, "album": 68, "people": [9, 8, 31, 3], "tags": []}}, {"model": "gallery.photo", "pk": 138, "fields": {"image": "album_68/photos/fee51537a1ea423e9c7234191348de47.webp", "caption": "None", "date_taken": null, "album": 68, "people": [9], "tags": []}}, {"model": "gallery.photo", "pk": 139, "fields": {"image": "album_68/photos/99bb3f6dffb04495861789358dd7c643.webp", "caption": "None", "date_taken": null, "album": 68, "people": [8], "tags": []}}, {"model": "gallery.photo", "pk": 140, "fields": {"image": "album_68/photos/9890a754be8740ffabbd235c311e783f.webp", "caption": "None", "date_taken": null, "album": 68, "people": [9], "tags": []}}, {"model": "gallery.photo", "pk": 141, "fields": {"image": "album_68/photos/4ffc70d0fa2a44e68da5c2c7b1c6b998.webp", "caption": "None", "date_taken": null, "album": 68, "people": [8], "tags": []}}, {"model": "gallery.photo", "pk": 142, "fields": {"image": "album_68/photos/33633a27dd854dccbcf425b7c3b4e31a.webp", "caption": "None", "date_taken": null, "album": 68, "people": [3], "tags": []}}, {"model": "gallery.photo", "pk": 143, "fields": {"image": "album_68/photos/f72208a0e77942d2a3d140f41e9f79ba.webp", "caption": "None", "date_taken": null, "album": 68, "people": [3], "tags": []}}, {"model": "gallery.photo", "pk": 144, "fields": {"image": "album_68/photos/c4d5037b50a8419eb24af3c27944b94d.webp", "caption": "None", "date_taken": null, "album": 68, "people": [3], "tags": []}}, {"model": "gallery.photo", "pk": 145, "fields": {"image": "album_68/photos/096e9e7d092447468940ea2a3a537775.webp", "caption": "None", "date_taken": null, "album": 68, "people": [3], "tags": []}}, {"model": "gallery.photo", "pk": 147, "fields": {"image": "album_69/photos/4d8ca21a673647e58278d823d989ada4.webp", "caption": "С Братом (Дмитрий Скородед)", "date_taken": null, "album": 69, "people": [2], "tags": []}}, {"model": "gallery.photo", "pk": 149, "fields": {"image": "album_70/photos/523eee42d818459a80dff90f18163f0e.webp", "caption": "Дима", "date_taken": null, "album": 70, "people": [], "tags": []}}, {"model": "gallery.photo", "pk": 150, "fields": {"image": "album_70/photos/d7ac3b6c53594406be2eda9421f9daf0.webp", "caption": null, "date_taken": null, "album": 70, "people": [], "tags": []}}, {"model": "gallery.photo", "pk": 151, "fields": {"image": "album_70/photos/2fa30b48756249aaa09c083a51bbc468.webp", "caption": null, "date_taken": null, "album": 70, "people": [], "tags": []}}, {"model": "gallery.photo", "pk": 152, "fields": {"image": "album_70/photos/79a1bf41d0c346fbb10a6eb3c8600ff8.webp", "caption": null, "date_taken": null, "album": 70, "people": [], "tags": []}}, {"model": "gallery.photo", "pk": 153, "fields": {"image": "album_70/photos/7190212ec2514c02bfa77ed2b43f6494.webp", "caption": null, "date_taken": null, "album": 70, "people": [], "tags": []}}, {"model": "gallery.photo", "pk": 154, "fields": {"image": "album_70/photos/e2de6d0c00ea4b319d0309447e9a810a.webp", "caption": null, "date_taken": null, "album": 70, "people": [], "tags": []}}, {"model": "gallery.photo", "pk": 155, "fields": {"image": "album_70/photos/ada804d860f74b48b7a92475c51a9967.webp", "caption": null, "date_taken": null, "album": 70, "people": [], "tags": []}}, {"model": "gallery.photo", "pk": 156, "fields": {"image": "album_70/photos/c31c623c7f544d179a4436ba6745f7f6.webp", "caption": "None", "date_taken": null, "album": 70, "people": [9], "tags": []}}, {"model": "gallery.photo", "pk": 157, "fields": {"image": "album_70/photos/086bed7074524950b82dfa0ca4111c75.webp", "caption": "None", "date_taken": null, "album": 70, "people": [3], "tags": []}}, {"model": "gallery.photo", "pk": 158, "fields": {"image": "album_70/photos/9f226d0d120d491d8ef2467024d3e919.webp", "caption": "None", "date_taken": null, "album": 70, "people": [3], "tags": []}}, {"model": "gallery.photo", "pk": 160, "fields": {"image": "album_70/photos/49d03503d18b499faafb866f595307e5.webp", "caption": null, "date_taken": null, "album": 70, "people": [], "tags": []}}, {"model": "gallery.photo", "pk": 161, "fields": {"image": "album_70/photos/c0df1196520e43ac9dba1b3ec6586672.webp", "caption": null, "date_taken": null, "album": 70, "people": [], "tags": []}}, {"model": "gallery.photo", "pk": 162, "fields": {"image": "album_70/photos/18a2a77664254ee18c861510831f0d14.webp", "caption": null, "date_taken": null, "album": 70, "people": [], "tags": []}}, {"model": "gallery.photo", "pk": 163, "fields": {"image": "album_70/photos/e18ae598982e451cba8657a71cd23863.webp", "caption": null, "date_taken": null, "album": 70, "people": [], "tags": []}}, {"model": "gallery.photo", "pk": 170, "fields": {"image": "album_72/photos/98243c4ec93d4567923adeed75d19efa.webp", "caption": null, "date_taken": null, "album": 72, "people": [], "tags": []}}, {"model": "gallery.photo", "pk": 171, "fields": {"image": "album_72/photos/17a5aa166a654dd1badd7d36fc46e18e.webp", "caption": null, "date_taken": null, "album": 72, "people": [], "tags": []}}, {"model": "gallery.photo", "pk": 172, "fields": {"image": "album_72/photos/26f5795ac2a84d3b94be48a39182245a.webp", "caption": null, "date_taken": null, "album": 72, "people": [], "tags": []}}, {"model": "gallery.photo", "pk": 173, "fields": {"image": "album_72/photos/dd03258550ca42d7b368a05fc2238972.webp", "caption": null, "date_taken": null, "album": 72, "people": [], "tags": []}}, {"model": "gallery.photo", "pk": 174, "fields": {"image": "album_72/photos/3b98a8c7e247431a8a72af4183977435.webp", "caption": null, "date_taken": null, "album": 72, "people": [], "tags": []}}, {"model": "gallery.photo", "pk": 175, "fields": {"image": "album_72/photos/9b3f38379cbc4f3995235978d526a580.webp", "caption": null, "date_taken": null, "album": 72, "people": [], "tags": []}}, {"model": "gallery.photo", "pk": 176, "fields": {"image": "album_72/photos/f0ca596dcf5945bf83c234a95fdf2f2e.webp", "caption": "None", "date_taken": null, "album": 72, "people": [3], "tags": []}}, {"model": "gallery.photo", "pk": 177, "fields": {"image": "album_72/photos/07d80a3151014e7587f07cc834df54f8.webp", "caption": "None", "date_taken": null, "album": 72, "people": [3], "tags": []}}, {"model": "gallery.photo", "pk": 178, "fields": {"image": "album_72/photos/fe81057e53a8473b866fb7d86c237f7d.webp", "caption": "None", "date_taken": null, "album": 72, "people": [3], "tags": []}}, {"model": "gallery.photo", "pk": 179, "fields": {"image": "album_72/photos/0a4bb06e43ec44f8811ee23400554aff.webp", "caption": "None", "date_taken": null, "album": 72, "people": [3], "tags": []}}, {"model": "gallery.photo", "pk": 180, "fields": {"image": "album_72/photos/8e41ed4e559048f8b8172fbfd39fb60c.webp", "caption": "None", "date_taken": null, "album": 72, "people": [3], "tags": []}}, {"model": "gallery.photo", "pk": 181, "fields": {"image": "album_72/photos/87adbd062fce43329c2ce79e70842848.webp", "caption": "None", "date_taken": null, "album": 72, "people": [3], "tags": []}}, {"model": "gallery.photo", "pk": 182, "fields": {"image": "album_72/photos/7e0825cdaaa34e8b8ed383506a8156db.webp", "caption": "None", "date_taken": null, "album": 72, "people": [3], "tags": []}}, {"model": "gallery.photo", "pk": 217, "fields": {"image": "album_69/photos/2cb31f19d22e449aafb755a854171657.webp", "caption": "С Братом (Дмитрий Скородед) г. Гурзуф 1993г.", "date_taken": null, "album": 69, "people": [2], "tags": []}}, {"model": "gallery.photo", "pk": 218, "fields": {"image": "album_74/photos/efba8414100743fc81f0a8c219a0c4fc.webp", "caption": "None", "date_taken": null, "album": 74, "people": [2, 31], "tags": []}}, {"model": "gallery.photo", "pk": 219, "fields": {"image": "album_74/photos/2a09cb240a434e2c8b21a66b117af69f.webp", "caption": "None", "date_taken": null, "album": 74, "people": [2, 31], "tags": []}}, {"model": "gallery.photo", "pk": 220, "fields": {"image": "album_74/photos/efa0845a64164b7c8b753f22162e606e.webp", "caption": "None", "date_taken": null, "album": 74, "people": [2, 31], "tags": []}}, {"model": "gallery.photo", "pk": 221, "fields": {"image": "album_74/photos/1f82458e72884faab8ae120dda3e1c59.webp", "caption": "None", "date_taken": null, "album": 74, "people": [2, 31], "tags": []}}, {"model": "gallery.photo", "pk": 222, "fields": {"image": "album_74/photos/4977d75caa8b48c19afea468e019f530.webp", "caption": null, "date_taken": null, "album": 74, "people": [], "tags": []}}, {"model": "gallery.photo", "pk": 223, "fields": {"image": "album_74/photos/4827741ed60f416da3215a5352940f8d.webp", "caption": "None", "date_taken": null, "album": 74, "people": [2, 31], "tags": []}}, {"model": "gallery.photo", "pk": 224, "fields": {"image": "album_74/photos/c7fa5f99b5804abba00ff0d4ed960aba.webp", "caption": "None", "date_taken": null, "album": 74, "people": [2, 31], "tags": []}}, {"model": "gallery.photo", "pk": 225, "fields": {"image": "album_74/photos/748eda12849a4f119f6eea979faf5232.webp", "caption": "None", "date_taken": null, "album": 74, "people": [2, 31], "tags": []}}, {"model": "gallery.photo", "pk": 226, "fields": {"image": "album_74/photos/04080e765d1940799235d926acf228a7.webp", "caption": "None", "date_taken": null, "album": 74, "people": [2, 31], "tags": []}}, {"model": "gallery.photo", "pk": 227, "fields": {"image": "album_74/photos/48c7ab875b3c4971b9bc8527d59b8b47.webp", "caption": "None", "date_taken": null, "album": 74, "people": [2, 31], "tags": []}}, {"model": "gallery.photo", "pk": 228, "fields": {"image": "album_74/photos/26cad2782b4b4350aff4134bb59771a4.webp", "caption": "None", "date_taken": null, "album": 74, "people": [2, 31], "tags": []}}, {"model": "gallery.photo", "pk": 229, "fields": {"image": "album_74/photos/400b55a88c8644e29aa4fd03204c4e0c.webp", "caption": "None", "date_taken": null, "album": 74, "people": [2, 31], "tags": []}}, {"model": "gallery.photo", "pk": 230, "fields": {"image": "album_74/photos/ba539a9120394c2bb94648e80a4be30c.webp", "caption": "None", "date_taken": null, "album": 74, "people": [2, 31], "tags": []}}, {"model": "gallery.photo", "pk": 231, "fields": {"image": "album_74/photos/34b232db21b54f91b8d7a5f120a02a22.webp", "caption": "None", "date_taken": null, "album": 74, "people": [2, 31], "tags": []}}, {"model": "gallery.photo", "pk": 232, "fields": {"image": "album_74/photos/57084f86ab8c4249ba2f3d5711054d29.webp", "caption": "None", "date_taken": null, "album": 74, "people": [2, 7, 5, 31], "tags": []}}, {"model": "gallery.photo", "pk": 233, "fields": {"image": "album_74/photos/00c8ddf7cf5d438eb3ca2414a97af57d.webp", "caption": null, "date_taken": null, "album": 74, "people": [], "tags": []}}, {"model": "gallery.photo", "pk": 234, "fields": {"image": "album_74/photos/74750c0bae294d5b81a1bcc0143738d6.webp", "caption": null, "date_taken": null, "album": 74, "people": [], "tags": []}}, {"model": "gallery.photo", "pk": 235, "fields": {"image": "album_74/photos/6de42721dab0453bb75b45fe131c4c6a.webp", "caption": null, "date_taken": null, "album": 74, "people": [], "tags": []}}, {"model": "gallery.photo", "pk": 236, "fields": {"image": "album_74/photos/9628fa3e4dab4dea8605bc1c1c60e16d.webp", "caption": null, "date_taken": null, "album": 74, "people": [], "tags": []}}, {"model": "gallery.photo", "pk": 237, "fields": {"image": "album_74/photos/2245e38ba19a461bbc9509ae518daf17.webp", "caption": "None", "date_taken": null, "album": 74, "people": [2, 31], "tags": []}}, {"model": "gallery.photo", "pk": 238, "fields": {"image": "album_74/photos/f7b8812f0dfc41f796cc5bf37bf9abaa.webp", "caption": "None", "date_taken": null, "album": 74, "people": [2, 31], "tags": []}}, {"model": "gallery.photo", "pk": 239, "fields": {"image": "album_74/photos/513924ed4f654b5d892ef609f17a828b.webp", "caption": null, "date_taken": null, "album": 74, "people": [], "tags": []}}, {"model": "gallery.photo", "pk": 240, "fields": {"image": "album_74/photos/01c89ede707a41c0b8aa20fbc28710ef.webp", "caption": "None", "date_taken": null, "album": 74, "people": [2, 31], "tags": []}}, {"model": "gallery.photo", "pk": 241, "fields": {"image": "album_74/photos/09888f53d77b42cb9659ff200cd9c2b6.webp", "caption": null, "date_taken": null, "album": 74, "people": [], "tags": []}}, {"model": "gallery.photo", "pk": 242, "fields": {"image": "album_74/photos/8a4254593ca84de2965c294a1405d076.webp", "caption": "None", "date_taken": null, "album": 74, "people": [2, 31], "tags": []}}, {"model": "gallery.photo", "pk": 243, "fields": {"image": "album_74/photos/bee7208bcba042809cc0c0a226ad9f22.webp", "caption": "None", "date_taken": null, "album": 74, "people": [2, 31], "tags": []}}, {"model": "gallery.photo", "pk": 244, "fields": {"image": "album_75/photos/4e0f3ed2d87647a8a8be6d864ad4a771.webp", "caption": "None", "date_taken": null, "album": 75, "people": [9, 8], "tags": []}}, {"model": "gallery.photo", "pk": 245, "fields": {"image": "album_75/photos/24ba5ef2c1554e43929409c2d7212357.webp", "caption": "None", "date_taken": null, "album": 75, "people": [9, 8], "tags": []}}, {"model": "gallery.photo", "pk": 246, "fields": {"image": "album_75/photos/0943acdfcc4b45c6ab5cbf35870a5f65.webp", "caption": "None", "date_taken": null, "album": 75, "people": [9], "tags": []}}, {"model": "gallery.photo", "pk": 247, "fields": {"image": "album_75/photos/6b84d21c2e5c4ad49985599cb13341cc.webp", "caption": "None", "date_taken": null, "album": 75, "people": [8], "tags": []}}, {"model": "gallery.photo", "pk": 248, "fields": {"image": "album_75/photos/a211ccafc72e4559b0830dacc0d6f927.webp", "caption": "None", "date_taken": null, "album": 75, "people": [9], "tags": []}}, {"model": "gallery.photo", "pk": 249, "fields": {"image": "album_75/photos/768cb086529f4ec0b4d1c2a325ee652b.webp", "caption": "None", "date_taken": null, "album": 75, "people": [8], "tags": []}}, {"model": "gallery.photo", "pk": 250, "fields": {"image": "album_75/photos/dbe67c8608a24b90a17e562b107fb2f2.webp", "caption": "None", "date_taken": null, "album": 75, "people": [3], "tags": []}}, {"model": "gallery.photo", "pk": 251, "fields": {"image": "album_75/photos/b78de8f71d1a44fa802da900d50b1c8d.webp", "caption": "None", "date_taken": null, "album": 75, "people": [3], "tags": []}}, {"model": "gallery.photo", "pk": 252, "fields": {"image": "album_75/photos/cb3e670db9fc42518a3683a01f1d5ece.webp", "caption": "None", "date_taken": null, "album": 75, "people": [3], "tags": []}}, {"model": "gallery.photo", "pk": 253, "fields": {"image": "album_75/photos/b2c8b2208ec0484c8cd06857b70aa9d5.webp", "caption": "None", "date_taken": null, "album": 75, "people": [3], "tags": []}}, {"model": "gallery.photo", "pk": 254, "fields": {"image": "album_69/photos/a393aa1002834f48a8c62937a41044a4.webp", "caption": "1 класс 1999 год", "date_taken": null, "album": 69, "people": [2], "tags": []}}, {"model": "gallery.photo", "pk": 255, "fields": {"image": "album_69/photos/2e1bfc6a251240aaacb33fc4fb70f881.webp", "caption": "На Азовском море с мамой, бабушкой, дедушкой и братом (Проскуряков Юрий)", "date_taken": null, "album": 69, "people": [10, 11, 2, 5], "tags": []}}, {"model": "gallery.photo", "pk": 256, "fields": {"image": "album_69/photos/90526b74a5b54387856579e4a162078a.webp", "caption": "С дедушкой", "date_taken": null, "album": 69, "people": [12, 2], "tags": []}}, {"model": "gallery.photo", "pk": 257, "fields": {"image": "album_69/photos/b9d55cb476b74288ba4c086180917e36.webp", "caption": "С Ричем", "date_taken": null, "album": 69, "people": [2], "tags": []}}, {"model": "gallery.photo", "pk": 258, "fields": {"image": "album_69/photos/f2981682134e43af943e957d0a0e48a6.webp", "caption": "День Рождения 7 лет", "date_taken": null, "album": 69, "people": [2, 7, 5], "tags": []}}, {"model": "gallery.photo", "pk": 259, "fields": {"image": "album_69/photos/ca4ce0c532ab47589516c303448ee909.webp", "caption": "2005 год г. Одесса Матч Суперкубка Украины Шахтёр Донецк - Динамо Киев", "date_taken": null, "album": 69, "people": [2], "tags": []}}, {"model": "gallery.photo", "pk": 260, "fields": {"image": "album_69/photos/1516f1e246b54d22965952ac87dc71ea.webp", "caption": "С братом (Проскуряков Юрий)", "date_taken": null, "album": 69, "people": [2], "tags": []}}, {"model": "gallery.photo", "pk": 265, "fields": {"image": "album_69/photos/d6721869783847139d1031f1ae4b1b36.webp", "caption": "С Кубком Лиги Чемпионов г. Донецк", "date_taken": null, "album": 69, "people": [2], "tags": []}}, {"model": "gallery.video", "pk": 1, "fields": {"file": "album_72/videos/64943ded637a4ce9b8503ac8ac4ecf1c.MP4", "url": null, "caption": null, "date_taken": null, "album": 72, "people": [], "tags": []}}]