[
  {
    "model": "gallery.tag",
    "pk": 1,
    "fields": {
      "name": "Днюха"
    }
  },
  {
    "model": "gallery.tag",
    "pk": 2,
    "fields": {
      "name": "Прогулка"
    }
  },
  {
    "model": "gallery.tag",
    "pk": 3,
    "fields": {
      "name": "НовыйГод"
    }
  },
  {
    "model": "gallery.tag",
    "pk": 4,
    "fields": {
      "name": "Концерт"
    }
  },
  {
    "model": "gallery.tag",
    "pk": 5,
    "fields": {
      "name": "СапрыкиныНГ"
    }
  },
  {
    "model": "gallery.tag",
    "pk": 6,
    "fields": {
      "name": "Детство"
    }
  },
  {
    "model": "gallery.tag",
    "pk": 7,
    "fields": {
      "name": "ЖеняСапрыкин"
    }
  },
  {
    "model": "gallery.tag",
    "pk": 8,
    "fields": {
      "name": "Разное"
    }
  },
  {
    "model": "gallery.category",
    "pk": 1,
    "fields": {
      "name": "День Рождения",
      "description": "",
      "color": null
    }
  },
  {
    "model": "gallery.category",
    "pk": 2,
    "fields": {
      "name": "Садик",
      "description": "",
      "color": null
    }
  },
  {
    "model": "gallery.category",
    "pk": 3,
    "fields": {
      "name": "Отдых",
      "description": "",
      "color": null
    }
  },
  {
    "model": "gallery.category",
    "pk": 4,
    "fields": {
      "name": "Разное",
      "description": "",
      "color": null
    }
  },
  {
    "model": "gallery.category",
    "pk": 5,
    "fields": {
      "name": "Прогулка",
      "description": null,
      "color": null
    }
  },
  {
    "model": "gallery.category",
    "pk": 6,
    "fields": {
      "name": "Свадьба",
      "description": null,
      "color": null
    }
  },
  {
    "model": "gallery.category",
    "pk": 7,
    "fields": {
      "name": "Новый год",
      "description": null,
      "color": null
    }
  },
  {
    "model": "gallery.category",
    "pk": 8,
    "fields": {
      "name": "Концерт",
      "description": null,
      "color": null
    }
  },
  {
    "model": "gallery.category",
    "pk": 9,
    "fields": {
      "name": "Детство",
      "description": null,
      "color": null
    }
  },
  {
    "model": "gallery.album",
    "pk": 68,
    "fields": {
      "title": "Новый год 2025",
      "date": "2024-11-26",
      "location": "Г. Воронеж, Левобережный район",
      "description": "Предновогодняя фотосессия!",
      "cover_image": "album_covers/М_2KLtwVB.jpg",
      "created_at": "2025-06-28T09:45:57.727Z",
      "is_active": true,
      "slug": "novyj-god-2025",
      "views": 0,
      "owner": 1,
      "category": 7,
      "tags": [
        3,
        5,
        6
      ]
    }
  },
  {
    "model": "gallery.album",
    "pk": 69,
    "fields": {
      "title": "Женя Детство",
      "date": "1993-07-15",
      "location": null,
      "description": "Детство Евгения Сапрыкина!",
      "cover_image": "album_covers/photo_2024-11-01_12-29-05_OYOxRib.jpg",
      "created_at": "2025-06-28T09:56:40.528Z",
      "is_active": false,
      "slug": "zhenja-detstvo",
      "views": 0,
      "owner": 1,
      "category": 9,
      "tags": [
        6,
        7,
        8
      ]
    }
  },
  {
    "model": "gallery.album",
    "pk": 70,
    "fields": {
      "title": "День Рождения Софии",
      "date": "2024-07-20",
      "location": null,
      "description": "День Рождения Софии 5 лет",
      "cover_image": "album_covers/IMG_2233.JPG",
      "created_at": "2025-06-28T10:05:38.491Z",
      "is_active": true,
      "slug": "den-rozhdenija-sofii",
      "views": 0,
      "owner": 2,
      "category": 1,
      "tags": [
        1,
        6
      ]
    }
  },
  {
    "model": "gallery.album",
    "pk": 72,
    "fields": {
      "title": "Выступление Ансамбль \"Раздолье\"",
      "date": "2024-12-22",
      "location": "Воронежская обл. п.Отрадное, ДК\"Отрадное\"",
      "description": "Отчётный концерт ансамбля песни и пляски \"Раздолье\"",
      "cover_image": "album_covers/IMG_3095.JPG",
      "created_at": "2025-06-28T10:11:28.133Z",
      "is_active": false,
      "slug": "vystuplenie-ansambl-razdole",
      "views": 0,
      "owner": 2,
      "category": 8,
      "tags": [
        3,
        4
      ]
    }
  },
  {
    "model": "gallery.photo",
    "pk": 133,
    "fields": {
      "image": "album_68/photos/7188669fa2d94f2d80cfb4654859bd66.webp",
      "caption": "Лерочка с игрушкой",
      "date_taken": null,
      "album": 68,
      "people": [
        8
      ],
      "tags": []
    }
  },
  {
    "model": "gallery.photo",
    "pk": 134,
    "fields": {
      "image": "album_68/photos/6341eec037154fa3a6d74d0d715a63f4.webp",
      "caption": "Сестрички",
      "date_taken": null,
      "album": 68,
      "people": [
        9,
        8,
        3
      ],
      "tags": []
    }
  },
  {
    "model": "gallery.photo",
    "pk": 135,
    "fields": {
      "image": "album_68/photos/b932e2d7d49d407b9d91b739f1ee8f1a.webp",
      "caption": null,
      "date_taken": null,
      "album": 68,
      "people": [],
      "tags": []
    }
  },
  {
    "model": "gallery.photo",
    "pk": 136,
    "fields": {
      "image": "album_68/photos/364920c1c6344064ac2652d07685ee3a.webp",
      "caption": "None",
      "date_taken": null,
      "album": 68,
      "people": [
        8
      ],
      "tags": []
    }
  },
  {
    "model": "gallery.photo",
    "pk": 137,
    "fields": {
      "image": "album_68/photos/9c8470fdf9954ae282a511956976a07e.webp",
      "caption": "С мамой",
      "date_taken": null,
      "album": 68,
      "people": [
        9,
        8,
        4,
        3
      ],
      "tags": []
    }
  },
  {
    "model": "gallery.photo",
    "pk": 138,
    "fields": {
      "image": "album_68/photos/fee51537a1ea423e9c7234191348de47.webp",
      "caption": null,
      "date_taken": null,
      "album": 68,
      "people": [],
      "tags": []
    }
  },
  {
    "model": "gallery.photo",
    "pk": 139,
    "fields": {
      "image": "album_68/photos/99bb3f6dffb04495861789358dd7c643.webp",
      "caption": null,
      "date_taken": null,
      "album": 68,
      "people": [],
      "tags": []
    }
  },
  {
    "model": "gallery.photo",
    "pk": 140,
    "fields": {
      "image": "album_68/photos/9890a754be8740ffabbd235c311e783f.webp",
      "caption": null,
      "date_taken": null,
      "album": 68,
      "people": [],
      "tags": []
    }
  },
  {
    "model": "gallery.photo",
    "pk": 141,
    "fields": {
      "image": "album_68/photos/4ffc70d0fa2a44e68da5c2c7b1c6b998.webp",
      "caption": null,
      "date_taken": null,
      "album": 68,
      "people": [],
      "tags": []
    }
  },
  {
    "model": "gallery.photo",
    "pk": 142,
    "fields": {
      "image": "album_68/photos/33633a27dd854dccbcf425b7c3b4e31a.webp",
      "caption": "None",
      "date_taken": null,
      "album": 68,
      "people": [
        3
      ],
      "tags": []
    }
  },
  {
    "model": "gallery.photo",
    "pk": 143,
    "fields": {
      "image": "album_68/photos/f72208a0e77942d2a3d140f41e9f79ba.webp",
      "caption": "None",
      "date_taken": null,
      "album": 68,
      "people": [
        3
      ],
      "tags": []
    }
  },
  {
    "model": "gallery.photo",
    "pk": 144,
    "fields": {
      "image": "album_68/photos/c4d5037b50a8419eb24af3c27944b94d.webp",
      "caption": "None",
      "date_taken": null,
      "album": 68,
      "people": [
        3
      ],
      "tags": []
    }
  },
  {
    "model": "gallery.photo",
    "pk": 145,
    "fields": {
      "image": "album_68/photos/096e9e7d092447468940ea2a3a537775.webp",
      "caption": "None",
      "date_taken": null,
      "album": 68,
      "people": [
        3
      ],
      "tags": []
    }
  },
  {
    "model": "gallery.photo",
    "pk": 147,
    "fields": {
      "image": "album_69/photos/4d8ca21a673647e58278d823d989ada4.webp",
      "caption": "С Братом (Дмитрий Скородед)",
      "date_taken": null,
      "album": 69,
      "people": [
        2
      ],
      "tags": []
    }
  },
  {
    "model": "gallery.photo",
    "pk": 148,
    "fields": {
      "image": "album_69/photos/eb85ad8011954e89937d6ba7d548b7f1.webp",
      "caption": null,
      "date_taken": null,
      "album": 69,
      "people": [],
      "tags": []
    }
  },
  {
    "model": "gallery.photo",
    "pk": 149,
    "fields": {
      "image": "album_70/photos/523eee42d818459a80dff90f18163f0e.webp",
      "caption": "Дима",
      "date_taken": null,
      "album": 70,
      "people": [],
      "tags": []
    }
  },
  {
    "model": "gallery.photo",
    "pk": 150,
    "fields": {
      "image": "album_70/photos/d7ac3b6c53594406be2eda9421f9daf0.webp",
      "caption": null,
      "date_taken": null,
      "album": 70,
      "people": [],
      "tags": []
    }
  },
  {
    "model": "gallery.photo",
    "pk": 151,
    "fields": {
      "image": "album_70/photos/2fa30b48756249aaa09c083a51bbc468.webp",
      "caption": null,
      "date_taken": null,
      "album": 70,
      "people": [],
      "tags": []
    }
  },
  {
    "model": "gallery.photo",
    "pk": 152,
    "fields": {
      "image": "album_70/photos/79a1bf41d0c346fbb10a6eb3c8600ff8.webp",
      "caption": null,
      "date_taken": null,
      "album": 70,
      "people": [],
      "tags": []
    }
  },
  {
    "model": "gallery.photo",
    "pk": 153,
    "fields": {
      "image": "album_70/photos/7190212ec2514c02bfa77ed2b43f6494.webp",
      "caption": null,
      "date_taken": null,
      "album": 70,
      "people": [],
      "tags": []
    }
  },
  {
    "model": "gallery.photo",
    "pk": 154,
    "fields": {
      "image": "album_70/photos/e2de6d0c00ea4b319d0309447e9a810a.webp",
      "caption": null,
      "date_taken": null,
      "album": 70,
      "people": [],
      "tags": []
    }
  },
  {
    "model": "gallery.photo",
    "pk": 155,
    "fields": {
      "image": "album_70/photos/ada804d860f74b48b7a92475c51a9967.webp",
      "caption": null,
      "date_taken": null,
      "album": 70,
      "people": [],
      "tags": []
    }
  },
  {
    "model": "gallery.photo",
    "pk": 156,
    "fields": {
      "image": "album_70/photos/c31c623c7f544d179a4436ba6745f7f6.webp",
      "caption": "None",
      "date_taken": null,
      "album": 70,
      "people": [
        9
      ],
      "tags": []
    }
  },
  {
    "model": "gallery.photo",
    "pk": 157,
    "fields": {
      "image": "album_70/photos/086bed7074524950b82dfa0ca4111c75.webp",
      "caption": "None",
      "date_taken": null,
      "album": 70,
      "people": [
        3
      ],
      "tags": []
    }
  },
  {
    "model": "gallery.photo",
    "pk": 158,
    "fields": {
      "image": "album_70/photos/9f226d0d120d491d8ef2467024d3e919.webp",
      "caption": "None",
      "date_taken": null,
      "album": 70,
      "people": [
        3
      ],
      "tags": []
    }
  },
  {
    "model": "gallery.photo",
    "pk": 160,
    "fields": {
      "image": "album_70/photos/49d03503d18b499faafb866f595307e5.webp",
      "caption": null,
      "date_taken": null,
      "album": 70,
      "people": [],
      "tags": []
    }
  },
  {
    "model": "gallery.photo",
    "pk": 161,
    "fields": {
      "image": "album_70/photos/c0df1196520e43ac9dba1b3ec6586672.webp",
      "caption": null,
      "date_taken": null,
      "album": 70,
      "people": [],
      "tags": []
    }
  },
  {
    "model": "gallery.photo",
    "pk": 162,
    "fields": {
      "image": "album_70/photos/18a2a77664254ee18c861510831f0d14.webp",
      "caption": null,
      "date_taken": null,
      "album": 70,
      "people": [],
      "tags": []
    }
  },
  {
    "model": "gallery.photo",
    "pk": 163,
    "fields": {
      "image": "album_70/photos/e18ae598982e451cba8657a71cd23863.webp",
      "caption": null,
      "date_taken": null,
      "album": 70,
      "people": [],
      "tags": []
    }
  },
  {
    "model": "gallery.photo",
    "pk": 170,
    "fields": {
      "image": "album_72/photos/98243c4ec93d4567923adeed75d19efa.webp",
      "caption": null,
      "date_taken": null,
      "album": 72,
      "people": [],
      "tags": []
    }
  },
  {
    "model": "gallery.photo",
    "pk": 171,
    "fields": {
      "image": "album_72/photos/17a5aa166a654dd1badd7d36fc46e18e.webp",
      "caption": null,
      "date_taken": null,
      "album": 72,
      "people": [],
      "tags": []
    }
  },
  {
    "model": "gallery.photo",
    "pk": 172,
    "fields": {
      "image": "album_72/photos/26f5795ac2a84d3b94be48a39182245a.webp",
      "caption": null,
      "date_taken": null,
      "album": 72,
      "people": [],
      "tags": []
    }
  },
  {
    "model": "gallery.photo",
    "pk": 173,
    "fields": {
      "image": "album_72/photos/dd03258550ca42d7b368a05fc2238972.webp",
      "caption": null,
      "date_taken": null,
      "album": 72,
      "people": [],
      "tags": []
    }
  },
  {
    "model": "gallery.photo",
    "pk": 174,
    "fields": {
      "image": "album_72/photos/3b98a8c7e247431a8a72af4183977435.webp",
      "caption": null,
      "date_taken": null,
      "album": 72,
      "people": [],
      "tags": []
    }
  },
  {
    "model": "gallery.photo",
    "pk": 175,
    "fields": {
      "image": "album_72/photos/9b3f38379cbc4f3995235978d526a580.webp",
      "caption": null,
      "date_taken": null,
      "album": 72,
      "people": [],
      "tags": []
    }
  },
  {
    "model": "gallery.photo",
    "pk": 176,
    "fields": {
      "image": "album_72/photos/f0ca596dcf5945bf83c234a95fdf2f2e.webp",
      "caption": "None",
      "date_taken": null,
      "album": 72,
      "people": [
        3
      ],
      "tags": []
    }
  },
  {
    "model": "gallery.photo",
    "pk": 177,
    "fields": {
      "image": "album_72/photos/07d80a3151014e7587f07cc834df54f8.webp",
      "caption": null,
      "date_taken": null,
      "album": 72,
      "people": [],
      "tags": []
    }
  },
  {
    "model": "gallery.photo",
    "pk": 178,
    "fields": {
      "image": "album_72/photos/fe81057e53a8473b866fb7d86c237f7d.webp",
      "caption": null,
      "date_taken": null,
      "album": 72,
      "people": [],
      "tags": []
    }
  },
  {
    "model": "gallery.photo",
    "pk": 179,
    "fields": {
      "image": "album_72/photos/0a4bb06e43ec44f8811ee23400554aff.webp",
      "caption": null,
      "date_taken": null,
      "album": 72,
      "people": [],
      "tags": []
    }
  },
  {
    "model": "gallery.photo",
    "pk": 180,
    "fields": {
      "image": "album_72/photos/8e41ed4e559048f8b8172fbfd39fb60c.webp",
      "caption": null,
      "date_taken": null,
      "album": 72,
      "people": [],
      "tags": []
    }
  },
  {
    "model": "gallery.photo",
    "pk": 181,
    "fields": {
      "image": "album_72/photos/87adbd062fce43329c2ce79e70842848.webp",
      "caption": null,
      "date_taken": null,
      "album": 72,
      "people": [],
      "tags": []
    }
  },
  {
    "model": "gallery.photo",
    "pk": 182,
    "fields": {
      "image": "album_72/photos/7e0825cdaaa34e8b8ed383506a8156db.webp",
      "caption": null,
      "date_taken": null,
      "album": 72,
      "people": [],
      "tags": []
    }
  },
  {
    "model": "gallery.video",
    "pk": 1,
    "fields": {
      "file": "album_72/videos/64943ded637a4ce9b8503ac8ac4ecf1c.MP4",
      "url": null,
      "caption": null,
      "date_taken": null,
      "album": 72,
      "people": [],
      "tags": []
    }
  }
]